ds,trend,yhat_lower,yhat_upper,trend_lower,trend_upper,additive_terms,additive_terms_lower,additive_terms_upper,weekly,weekly_lower,weekly_upper,yearly,yearly_lower,yearly_upper,multiplicative_terms,multiplicative_terms_lower,multiplicative_terms_upper,yhat
2023-01-05,-2.01918,0.6893493276732001,1.3490059603566236,-2.01918,-2.01918,3.0173476569557813,3.0173476569557813,3.0173476569557813,-0.11556619999961501,-0.11556619999961501,-0.11556619999961501,3.1329138569553967,3.1329138569553967,3.1329138569553967,0.0,0.0,0.0,0.9981676569557814
2023-01-08,-2.031754443686007,0.6109659463888256,1.3849146021936303,-2.031754443686007,-2.031754443686007,3.0445563833911584,3.0445563833911584,3.0445563833911584,0.13046232007004158,0.13046232007004158,0.13046232007004158,2.914094063321117,2.914094063321117,2.914094063321117,0.0,0.0,0.0,1.0128019397051515
2023-01-21,-2.086243699658703,0.5242594245015166,1.2766843971320272,-2.086243699658703,-2.086243699658703,2.9937921027587873,2.9937921027587873,2.9937921027587873,0.154333887849368,0.154333887849368,0.154333887849368,2.8394582149094196,2.8394582149094196,2.8394582149094196,0.0,0.0,0.0,0.9075484031000842
2023-01-27,-2.111392587107858,0.827555524317644,1.5578517970863373,-2.111392587107858,-2.111392587107858,3.300410703355718,3.300410703355718,3.300410703355718,-0.07072062386803274,-0.07072062386803274,-0.07072062386803274,3.371131327223754,3.371131327223754,3.371131327223754,0.0,0.0,0.0,1.1890181162478601
2023-02-01,-2.132349993315487,1.0059959304808184,1.712284715290993,-2.132349993315487,-2.132349993315487,3.5061235980815155,3.5061235980815155,3.5061235980815155,-0.10615713521205153,-0.10615713521205153,-0.10615713521205153,3.61228073329357,3.61228073329357,3.61228073329357,0.0,0.0,0.0,1.3737736047660287
2023-02-02,-2.136541474575459,0.9976608837242836,1.7568691863880963,-2.136541474575459,-2.136541474575459,3.5081425593374043,3.5081425593374043,3.5081425593374043,-0.11556620000032997,-0.11556620000032997,-0.11556620000032997,3.623708759337731,3.623708759337731,3.623708759337731,0.0,0.0,0.0,1.371601084761945
2023-02-09,-2.165881843395264,0.7904516752024219,1.520962324891524,-2.165881843395264,-2.165881843395264,3.3148451821578213,3.3148451821578213,3.3148451821578213,-0.11556620000050871,-0.11556620000050871,-0.11556620000050871,3.4304113821583293,3.4304113821583293,3.4304113821583293,0.0,0.0,0.0,1.1489633387625573
2023-02-10,-2.1700733246759323,0.7693864420835006,1.5131112728279736,-2.1700733246759323,-2.1700733246759323,3.3109268772156355,3.3109268772156355,3.3109268772156355,-0.07072062386726746,-0.07072062386726746,-0.07072062386726746,3.381647501082906,3.381647501082906,3.381647501082906,0.0,0.0,0.0,1.1408535525397032
2023-02-15,-2.1910307310792727,0.5046641283776504,1.278391498534649,-2.1910307310792727,-2.1910307310792727,3.0607958424776207,3.0607958424776207,3.0607958424776207,-0.10615713521219149,-0.10615713521219149,-0.10615713521219149,3.16695297768981,3.16695297768981,3.16695297768981,0.0,0.0,0.0,0.869765111398348
2023-02-24,-2.2287540626533975,0.523992635167874,1.237536856873702,-2.2287540626533975,-2.2287540626533975,3.0960700681306124,3.0960700681306124,3.0960700681306124,-0.07072062386765449,-0.07072062386765449,-0.07072062386765449,3.1667906919982665,3.1667906919982665,3.1667906919982665,0.0,0.0,0.0,0.8673160054772149
2023-03-03,-2.2580944316554943,0.7185364434961268,1.4533542980201235,-2.2580944316554943,-2.2580944316554943,3.3293287431212324,3.3293287431212324,3.3293287431212324,-0.07072062386727185,-0.07072062386727185,-0.07072062386727185,3.4000493669885046,3.4000493669885046,3.4000493669885046,0.0,0.0,0.0,1.071234311465738
2023-03-05,-2.266477394218691,0.957482934614029,1.6907087405161305,-2.266477394218691,-2.266477394218691,3.5891527205644467,3.5891527205644467,3.5891527205644467,0.1304623200695461,0.1304623200695461,0.1304623200695461,3.458690400494901,3.458690400494901,3.458690400494901,0.0,0.0,0.0,1.3226753263457556
2023-03-06,-2.2706688755002893,0.6950016441704997,1.457568851378834,-2.2706688755002893,-2.2706688755002893,3.3342403028122196,3.3342403028122196,3.3342403028122196,-0.1492907094373169,-0.1492907094373169,-0.1492907094373169,3.4835310122495367,3.4835310122495367,3.4835310122495367,0.0,0.0,0.0,1.0635714273119303
2023-03-11,-2.291626281984903,1.0294576961574589,1.7883419308733108,-2.291626281984903,-2.291626281984903,3.7115935462236864,3.7115935462236864,3.7115935462236864,0.15433388784949234,0.15433388784949234,0.15433388784949234,3.5572596583741936,3.5572596583741936,3.5572596583741936,0.0,0.0,0.0,1.4199672642387835
2023-03-18,-2.3209666977293764,1.055183901420222,1.7820057278743007,-2.3209666977293764,-2.3209666977293764,3.7161005738897464,3.7161005738897464,3.7161005738897464,0.1543338878501336,0.1543338878501336,0.1543338878501336,3.561766686039613,3.561766686039613,3.561766686039613,0.0,0.0,0.0,1.39513387616037
2023-03-25,-2.35030711347385,0.9964432992165762,1.729594668500898,-2.35030711347385,-2.35030711347385,3.7044855609731795,3.7044855609731795,3.7044855609731795,0.15433388785000537,0.15433388785000537,0.15433388785000537,3.550151673123174,3.550151673123174,3.550151673123174,0.0,0.0,0.0,1.3541784474993297
2023-03-26,-2.3544986014552127,0.9570569633024757,1.6971756184097724,-2.3544986014552127,-2.3544986014552127,3.6791034590252982,3.6791034590252982,3.6791034590252982,0.13046232006888617,0.13046232006888617,0.13046232006888617,3.548641138956412,3.548641138956412,3.548641138956412,0.0,0.0,0.0,1.3246048575700855
2023-03-31,-2.3754560413620274,0.7261641758606963,1.461297659148419,-2.3754560413620274,-2.3754560413620274,3.455181103690241,3.455181103690241,3.455181103690241,-0.07072062386574128,-0.07072062386574128,-0.07072062386574128,3.5259017275559827,3.5259017275559827,3.5259017275559827,0.0,0.0,0.0,1.0797250623282135
2023-04-04,-2.3922219932333197,0.8562494891474888,1.592534768450635,-2.3922219932333197,-2.3922219932333197,3.6308336041147617,3.6308336041147617,3.6308336041147617,0.15693846059767613,0.15693846059767613,0.15693846059767613,3.473895143517086,3.473895143517086,3.473895143517086,0.0,0.0,0.0,1.238611610881442
2023-04-11,-2.4215624090080814,0.6862444293517251,1.4286324624119047,-2.4215624090080814,-2.4215624090080814,3.4749993516715603,3.4749993516715603,3.4749993516715603,0.15693846059776267,0.15693846059776267,0.15693846059776267,3.318060891073798,3.318060891073798,3.318060891073798,0.0,0.0,0.0,1.0534369426634789
2023-04-14,-2.434136872958745,0.41264481838040334,1.119924018212361,-2.434136872958745,-2.434136872958745,3.187018087724443,3.187018087724443,3.187018087724443,-0.0707206238668901,-0.0707206238668901,-0.0707206238668901,3.2577387115913328,3.2577387115913328,3.2577387115913328,0.0,0.0,0.0,0.752881214765698
2023-04-15,-2.4383283609422994,0.6351920496812071,1.3255862223796777,-2.4383283609422994,-2.4383283609422994,3.397660036180813,3.397660036180813,3.397660036180813,0.1543338878503902,0.1543338878503902,0.1543338878503902,3.243326148330423,3.243326148330423,3.243326148330423,0.0,0.0,0.0,0.9593316752385137
2023-04-29,-2.4970091926338616,0.817516556637643,1.545319717908497,-2.4970091926338616,-2.4970091926338616,3.685624611188283,3.685624611188283,3.685624611188283,0.15433388784987523,0.15433388784987523,0.15433388784987523,3.5312907233384077,3.5312907233384077,3.5312907233384077,0.0,0.0,0.0,1.1886154185544213
2023-04-30,-2.5012006806118303,0.8207900114007142,1.5568598228103676,-2.5012006806118303,-2.5012006806118303,3.705584018388401,3.705584018388401,3.705584018388401,0.1304623200705232,0.1304623200705232,0.1304623200705232,3.5751216983178775,3.5751216983178775,3.5751216983178775,0.0,0.0,0.0,1.2043833377765707
2023-05-07,-2.530541096332482,1.0519899783461568,1.7827986080167366,-2.530541096332482,-2.530541096332482,3.932486582761519,3.932486582761519,3.932486582761519,0.13046232006988673,0.13046232006988673,0.13046232006988673,3.802024262691632,3.802024262691632,3.802024262691632,0.0,0.0,0.0,1.401945486429037
2023-05-11,-2.547307048172854,0.7568666182546441,1.5100935085896872,-2.547307048172854,-2.547307048172854,3.6968477660565076,3.6968477660565076,3.6968477660565076,-0.11556620000033824,-0.11556620000033824,-0.11556620000033824,3.812413966056846,3.812413966056846,3.812413966056846,0.0,0.0,0.0,1.1495407178836534
2023-05-12,-2.5514985361264113,0.7887032941482706,1.5464918112400663,-2.5514985361264113,-2.5514985361264113,3.729106895056376,3.729106895056376,3.729106895056376,-0.0707206238668831,-0.0707206238668831,-0.0707206238668831,3.7998275189232595,3.7998275189232595,3.7998275189232595,0.0,0.0,0.0,1.1776083589299646
2023-05-15,-2.5640729999870833,0.6589279103874414,1.3982792590487494,-2.5640729999870833,-2.5640729999870833,3.5839239199356645,3.5839239199356645,3.5839239199356645,-0.1492907094374336,-0.1492907094374336,-0.1492907094374336,3.7332146293730983,3.7332146293730983,3.7332146293730983,0.0,0.0,0.0,1.0198509199485812
2023-06-02,-2.6395197831549146,0.5368310682097902,1.2411533346255723,-2.6395197831549146,-2.6395197831549146,3.535851523980707,3.535851523980707,3.535851523980707,-0.07072062386688747,-0.07072062386688747,-0.07072062386688747,3.6065721478475945,3.6065721478475945,3.6065721478475945,0.0,0.0,0.0,0.8963317408257923
2023-06-09,-2.6688601988312937,0.7530450493309823,1.506737172841089,-2.6688601988312937,-2.6688601988312937,3.787648673453782,3.787648673453782,3.787648673453782,-0.07072062386650485,-0.07072062386650485,-0.07072062386650485,3.8583692973202854,3.8583692973202854,3.8583692973202854,0.0,0.0,0.0,1.1187884746224883
2023-06-11,-2.67724317472786,1.0100739091697677,1.729997095185232,-2.67724317472786,-2.67724317472786,4.038992458507762,4.038992458507762,4.038992458507762,0.13046232007005118,0.13046232007005118,0.13046232007005118,3.908530138437711,3.908530138437711,3.908530138437711,0.0,0.0,0.0,1.361749283779902
2023-06-13,-2.685626150624426,1.0509276403095793,1.7884885571004354,-2.685626150624426,-2.685626150624426,4.09542121628,4.09542121628,4.09542121628,0.1569384605976147,0.1569384605976147,0.1569384605976147,3.9384827556823856,3.9384827556823856,3.9384827556823856,0.0,0.0,0.0,1.4097950656555742
2023-06-14,-2.689817638563339,0.7510601524628229,1.516974485314667,-2.689817638563339,-2.689817638563339,3.839005166049621,3.839005166049621,3.839005166049621,-0.10615713521230259,-0.10615713521230259,-0.10615713521230259,3.9451623012619237,3.9451623012619237,3.9451623012619237,0.0,0.0,0.0,1.1491875274862817
2023-06-25,-2.735924005891386,0.7832006210564377,1.5548960795671367,-2.735924005891386,-2.735924005891386,3.899093177190623,3.899093177190623,3.899093177190623,0.13046232007002778,0.13046232007002778,0.13046232007002778,3.7686308571205953,3.7686308571205953,3.7686308571205953,0.0,0.0,0.0,1.1631691712992374
2023-06-26,-2.7401154938452628,0.49768164039300894,1.2415284360339995,-2.7401154938452628,-2.7401154938452628,3.6010649345506773,3.6010649345506773,3.6010649345506773,-0.14929070943755515,-0.14929070943755515,-0.14929070943755515,3.7503556439882324,3.7503556439882324,3.7503556439882324,0.0,0.0,0.0,0.8609494407054146
2023-06-27,-2.7443069817991397,0.8060943200005642,1.5148200952093802,-2.7443069817991397,-2.7443069817991397,3.8924328916284887,3.8924328916284887,3.8924328916284887,0.15693846059739378,0.15693846059739378,0.15693846059739378,3.7354944310310954,3.7354944310310954,3.7354944310310954,0.0,0.0,0.0,1.148125909829349
2023-06-28,-2.7484984697417056,0.5248421359756836,1.2387897076809091,-2.7484984697417056,-2.7484984697417056,3.6185265965756184,3.6185265965756184,3.6185265965756184,-0.10615713521309277,-0.10615713521309277,-0.10615713521309277,3.7246837317887107,3.7246837317887107,3.7246837317887107,0.0,0.0,0.0,0.8700281268339127
2023-07-07,-2.7862218612599627,0.5760189866873509,1.379583871694801,-2.7862218612599627,-2.7862218612599627,3.7616173834502606,3.7616173834502606,3.7616173834502606,-0.07072062386688838,-0.07072062386688838,-0.07072062386688838,3.832338007317149,3.832338007317149,3.832338007317149,0.0,0.0,0.0,0.9753955221902979
2023-07-11,-2.8029878130458545,0.9323705052159588,1.674497250561704,-2.8029878130458545,-2.8029878130458545,4.098165436034294,4.098165436034294,4.098165436034294,0.15693846059753216,0.15693846059753216,0.15693846059753216,3.941226975436762,3.941226975436762,3.941226975436762,0.0,0.0,0.0,1.2951776229884393
2023-07-15,-2.8197537647783384,0.987327220546281,1.6808798419002036,-2.8197537647783384,-2.8197537647783384,4.161560752168389,4.161560752168389,4.161560752168389,0.15433388785025617,0.15433388785025617,0.15433388785025617,4.007226864318133,4.007226864318133,4.007226864318133,0.0,0.0,0.0,1.3418069873900502
2023-07-17,-2.82813674064458,0.6217545656530017,1.3967807638021241,-2.82813674064458,-2.82813674064458,3.8596670997433553,3.8596670997433553,3.8596670997433553,-0.1492907094373883,-0.1492907094373883,-0.1492907094373883,4.008957809180744,4.008957809180744,4.008957809180744,0.0,0.0,0.0,1.0315303590987752
2023-07-18,-2.8323282285602023,0.9500240250988049,1.6819716384091248,-2.8323282285602023,-2.8323282285602023,4.157713850970393,4.157713850970393,4.157713850970393,0.156938460597584,0.156938460597584,0.156938460597584,4.000775390372809,4.000775390372809,4.000775390372809,0.0,0.0,0.0,1.3253856224101908
2023-07-19,-2.8365197164758245,0.701924305030333,1.4243650373651862,-2.8365197164758245,-2.8365197164758245,3.8804542308938568,3.8804542308938568,3.8804542308938568,-0.1061571352125097,-0.1061571352125097,-0.1061571352125097,3.986611366106367,3.986611366106367,3.986611366106367,0.0,0.0,0.0,1.0439345144180323
2023-07-20,-2.840711204403072,0.6413082409645288,1.371791404362554,-2.840711204403072,-2.840711204403072,3.8511956190368832,3.8511956190368832,3.8511956190368832,-0.11556620000046292,-0.11556620000046292,-0.11556620000046292,3.966761819037346,3.966761819037346,3.966761819037346,0.0,0.0,0.0,1.0104844146338112
2023-07-21,-2.84490269233032,0.653910835457018,1.3774178997899231,-2.84490269233032,-2.84490269233032,3.8710034124597774,3.8710034124597774,3.8710034124597774,-0.07072062386688485,-0.07072062386688485,-0.07072062386688485,3.9417240363266632,3.9417240363266632,3.9417240363266632,0.0,0.0,0.0,1.0261007201294574
2023-08-08,-2.920349474920786,0.5718528926324667,1.318179689745937,-2.920349474920786,-2.920349474920786,3.8603294853115546,3.8603294853115546,3.8603294853115546,0.15693846059777428,0.15693846059777428,0.15693846059777428,3.703391024713781,3.703391024713781,3.703391024713781,0.0,0.0,0.0,0.9399800103907685
2023-08-11,-2.9329239386858634,0.4665543658541526,1.2238681099959057,-2.9329239386858634,-2.9329239386858634,3.7681749489224963,3.7681749489224963,3.7681749489224963,-0.07072062386688927,-0.07072062386688927,-0.07072062386688927,3.8388955727893865,3.8388955727893865,3.8388955727893865,0.0,0.0,0.0,0.8352510102366328
2023-08-15,-2.9496898903581297,0.856029513768683,1.5970248182765843,-2.9496898903581297,-2.9496898903581297,4.194291639409856,4.194291639409856,4.194291639409856,0.15693846059748412,0.15693846059748412,0.15693846059748412,4.037353178812371,4.037353178812371,4.037353178812371,0.0,0.0,0.0,1.2446017490517267
2023-09-01,-3.020945184965262,0.5005685773754434,1.2741515767745095,-3.020945184965262,-3.020945184965262,3.887776317214306,3.887776317214306,3.887776317214306,-0.07072062386650312,-0.07072062386650312,-0.07072062386650312,3.958496941080809,3.958496941080809,3.958496941080809,0.0,0.0,0.0,0.8668311322490441
2023-09-15,-3.079626016030393,0.8345539939329988,1.6190923285259722,-3.079626016030393,-3.079626016030393,4.310658284892579,4.310658284892579,4.310658284892579,-0.0707206238664996,-0.0707206238664996,-0.0707206238664996,4.381378908759078,4.381378908759078,4.381378908759078,0.0,0.0,0.0,1.2310322688621858
2023-09-26,-3.125732383295853,1.3390414208104209,2.0940160818125695,-3.125732383295853,-3.125732383295853,4.840468147522874,4.840468147522874,4.840468147522874,0.15693846059752256,0.15693846059752256,0.15693846059752256,4.683529686925352,4.683529686925352,4.683529686925352,0.0,0.0,0.0,1.7147357642270213
2023-09-27,-3.129923871229077,1.0368160853097403,1.7628691078841918,-3.129923871229077,-3.129923871229077,4.530891787252663,4.530891787252663,4.530891787252663,-0.10615713521227371,-0.10615713521227371,-0.10615713521227371,4.637048922464936,4.637048922464936,4.637048922464936,0.0,0.0,0.0,1.4009679160235855
2023-09-28,-3.1341153591623003,0.9250513737076903,1.7060507669671197,-3.1341153591623003,-3.1341153591623003,4.463729948369522,4.463729948369522,4.463729948369522,-0.11556620000021259,-0.11556620000021259,-0.11556620000021259,4.579296148369735,4.579296148369735,4.579296148369735,0.0,0.0,0.0,1.329614589207222
2023-09-30,-3.1424983350287476,1.0592732676530074,1.8293747836264553,-3.1424983350287476,-3.1424983350287476,4.592332540398389,4.592332540398389,4.592332540398389,0.15433388784909813,0.15433388784909813,0.15433388784909813,4.437998652549291,4.437998652549291,4.437998652549291,0.0,0.0,0.0,1.4498342053696414
2023-10-02,-3.1508813108951954,0.6302662720971764,1.3421102155397178,-3.1508813108951954,-3.1508813108951954,4.130275561309734,4.130275561309734,4.130275561309734,-0.14929070943721184,-0.14929070943721184,-0.14929070943721184,4.279566270746946,4.279566270746946,4.279566270746946,0.0,0.0,0.0,0.9793942504145385
2023-10-03,-3.155072798828419,0.8180643661488658,1.5807630562472663,-3.155072798828419,-3.155072798828419,4.358392587784418,4.358392587784418,4.358392587784418,0.15693846059757444,0.15693846059757444,0.15693846059757444,4.201454127186842,4.201454127186842,4.201454127186842,0.0,0.0,0.0,1.2033197889559988
2023-10-06,-3.16764726262809,0.4073946903970246,1.1336228084775946,-3.16764726262809,-3.16764726262809,3.939419285282517,3.939419285282517,3.939419285282517,-0.070720623866504,-0.070720623866504,-0.070720623866504,4.0101399091490215,4.0101399091490215,4.0101399091490215,0.0,0.0,0.0,0.7717720226544271
2023-10-15,-3.205370654027103,0.8585784902851086,1.5984379813893526,-3.205370654027103,-3.205370654027103,4.430514401145798,4.430514401145798,4.430514401145798,0.1304623200692598,0.1304623200692598,0.1304623200692598,4.3000520810765375,4.3000520810765375,4.3000520810765375,0.0,0.0,0.0,1.225143747118695
2023-10-16,-3.2095621419603266,0.6956966945296816,1.4075340193099273,-3.2095621419603266,-3.2095621419603266,4.2545203142606836,4.2545203142606836,4.2545203142606836,-0.149290709437437,-0.149290709437437,-0.149290709437437,4.403811023698121,4.403811023698121,4.403811023698121,0.0,0.0,0.0,1.044958172300357
2023-10-17,-3.2137536298935503,1.1035757164652094,1.824428072339887,-3.2137536298935503,-3.2137536298935503,4.6651699495724905,4.6651699495724905,4.6651699495724905,0.15693846059771283,0.15693846059771283,0.15693846059771283,4.508231488974777,4.508231488974777,4.508231488974777,0.0,0.0,0.0,1.4514163196789402
2023-10-18,-3.217945117826774,0.8980715349977837,1.628411876112026,-3.217945117826774,-3.217945117826774,4.500276636740097,4.500276636740097,4.500276636740097,-0.10615713521280877,-0.10615713521280877,-0.10615713521280877,4.606433771952905,4.606433771952905,4.606433771952905,0.0,0.0,0.0,1.2823315189133226
2023-10-25,-3.2472855333593396,0.6394627581634501,1.4051173364365956,-3.2472855333593396,-3.2472855333593396,4.265670571266061,4.265670571266061,4.265670571266061,-0.10615713521320387,-0.10615713521320387,-0.10615713521320387,4.371827706479265,4.371827706479265,4.371827706479265,0.0,0.0,0.0,1.0183850379067216
2023-10-26,-3.251477021292563,0.353394509401713,1.0924615202604524,-3.251477021292563,-3.251477021292563,3.9701253129426766,3.9701253129426766,3.9701253129426766,-0.11556620000009618,-0.11556620000009618,-0.11556620000009618,4.085691512942772,4.085691512942772,4.085691512942772,0.0,0.0,0.0,0.7186482916501133
2023-10-27,-3.255668509225787,0.0004541861631221028,0.7738070008066943,-3.255668509225787,-3.255668509225787,3.6352125684818355,3.6352125684818355,3.6352125684818355,-0.07072062386727018,-0.07072062386727018,-0.07072062386727018,3.705933192349105,3.705933192349105,3.705933192349105,0.0,0.0,0.0,0.3795440592560486
2023-10-28,-3.2598599971590105,-0.24938053567309576,0.47530090557181925,-3.2598599971999653,-3.2598599971196247,3.377904947691533,3.377904947691533,3.377904947691533,0.1543338878501242,0.1543338878501242,0.1543338878501242,3.2235710598414085,3.2235710598414085,3.2235710598414085,0.0,0.0,0.0,0.11804495053252229
2023-10-29,-3.264051485092234,-0.8482570876869824,-0.13276922887522064,-3.264051485284339,-3.2640514848811857,2.761084461539601,2.761084461539601,2.761084461539601,0.13046232006923641,0.13046232006923641,0.13046232006923641,2.630622141470365,2.630622141470365,2.630622141470365,0.0,0.0,0.0,-0.5029670235526331
2023-10-30,-3.268242973025458,-1.860224217089488,-1.127928758539585,-3.268242973418849,-3.268242972607216,1.7710449455156316,1.7710449455156316,1.7710449455156316,-0.14929070943756334,-0.14929070943756334,-0.14929070943756334,1.920335654953195,1.920335654953195,1.920335654953195,0.0,0.0,0.0,-1.4971980275098262
2023-10-31,-3.2724344609586815,-2.4214065280930264,-1.6636035810775305,-3.2724344616141283,-3.2724344602552726,1.24435114108764,1.24435114108764,1.24435114108764,0.15693846059747452,0.15693846059747452,0.15693846059747452,1.0874126804901652,1.0874126804901652,1.0874126804901652,0.0,0.0,0.0,-2.0280833198710413
2023-11-01,-3.276625948891905,-3.6003797554162786,-2.8910926789231826,-3.2766259499267254,-3.276625947827453,0.022049429016218314,0.022049429016218314,0.022049429016218314,-0.10615713521294874,-0.10615713521294874,-0.10615713521294874,0.12820656422916676,0.12820656422916676,0.12820656422916676,0.0,0.0,0.0,-3.2545765198756866
2023-11-02,-3.280817436825129,-4.739890690084128,-3.978738049003066,-3.280817438323994,-3.2808174354298245,-1.0746673321622655,-1.0746673321622655,-1.0746673321622655,-0.11556620000087811,-0.11556620000087811,-0.11556620000087811,-0.9591011321613878,-0.9591011321613878,-0.9591011321613878,0.0,0.0,0.0,-4.355484768987394
2023-11-03,-3.2850089247583525,-5.89168069365949,-5.173813346716642,-3.2850089266944393,-3.2850089228569423,-2.2450745447102403,-2.2450745447102403,-2.2450745447102403,-0.07072062386688753,-0.07072062386688753,-0.07072062386688753,-2.1743539208433527,-2.1743539208433527,-2.1743539208433527,0.0,0.0,0.0,-5.530083469468593
2023-11-04,-3.289200412691576,-7.0259962457772565,-6.300742452430491,-3.2892004151090184,-3.289200410398364,-3.3609732886464334,-3.3609732886464334,-3.3609732886464334,0.15433388784973745,0.15433388784973745,0.15433388784973745,-3.5153071764961714,-3.5153071764961714,-3.5153071764961714,0.0,0.0,0.0,-6.65017370133801
2023-11-05,-3.2933919006248,-8.500803152802412,-7.7616888308863325,-3.2933919035980237,-3.293391898001956,-4.847089726943725,-4.847089726943725,-4.847089726943725,0.1304623200706973,0.1304623200706973,0.1304623200706973,-4.977552047014422,-4.977552047014422,-4.977552047014422,0.0,0.0,0.0,-8.140481627568525
2023-11-06,-3.2975833885580235,-10.373326346776688,-9.645835733844477,-3.297583392104861,-3.2975833855338412,-6.703770081093397,-6.703770081093397,-6.703770081093397,-0.14929070943727019,-0.14929070943727019,-0.14929070943727019,-6.554479371656127,-6.554479371656127,-6.554479371656127,0.0,0.0,0.0,-10.00135346965142
2023-11-07,-3.301774876491247,-11.74665508491632,-11.017849828233746,-3.3017748806783023,-3.301774872868781,-8.080347210363612,-8.080347210363612,-8.080347210363612,0.15693846059754374,0.15693846059754374,0.15693846059754374,-8.237285670961157,-8.237285670961157,-8.237285670961157,0.0,0.0,0.0,-11.38212208685486
2023-11-08,-3.305966364424471,-13.781922341764204,-13.056657729200097,-3.3059663693723538,-3.3059663603823335,-10.121179521902334,-10.121179521902334,-10.121179521902334,-0.10615713521334384,-0.10615713521334384,-0.10615713521334384,-10.015022386688992,-10.015022386688992,-10.015022386688992,0.0,0.0,0.0,-13.427145886326805
2023-11-09,-3.310157852357695,-15.658926245962832,-14.913029538952538,-3.3101578579634094,-3.3101578479300717,-11.990254818416883,-11.990254818416883,-11.990254818416883,-0.11556620000022548,-0.11556620000022548,-0.11556620000022548,-11.87468861841666,-11.87468861841666,-11.87468861841666,0.0,0.0,0.0,-15.300412670774577
2023-11-10,-3.314349340290918,-17.545618287851617,-16.82292980890763,-3.3143493464181795,-3.3143493353008906,-13.872087272430283,-13.872087272430283,-13.872087272430283,-0.0707206238665049,-0.0707206238665049,-0.0707206238665049,-13.801366648563778,-13.801366648563778,-13.801366648563778,0.0,0.0,0.0,-17.186436612721202
2023-11-11,-3.3185408282241418,-19.31741130034723,-18.558574980517665,-3.318540834803893,-3.318540822730051,-15.62406470359161,-15.62406470359161,-15.62406470359161,0.15433388785037874,0.15433388785037874,0.15433388785037874,-15.778398591441993,-15.778398591441993,-15.778398591441993,0.0,0.0,0.0,-18.94260553181575
2023-11-12,-3.3227323161573654,-21.354539715700344,-20.62252381731145,-3.32273232355815,-3.322732310020895,-17.657139247411237,-17.657139247411237,-17.657139247411237,0.1304623200700608,0.1304623200700608,0.1304623200700608,-17.7876015674813,-17.7876015674813,-17.7876015674813,0.0,0.0,0.0,-20.9798715635686
2023-11-13,-3.3269238040905895,-23.637194523079042,-22.921770002411275,-3.3269238123787424,-3.3269237976844765,-19.958808622836628,-19.958808622836628,-19.958808622836628,-0.14929070943768974,-0.14929070943768974,-0.14929070943768974,-19.80951791339894,-19.80951791339894,-19.80951791339894,0.0,0.0,0.0,-23.28573242692722
2023-11-14,-3.3311152920238127,-25.368006145635828,-24.630019302280807,-3.331115301069881,-3.3311152849760215,-21.666757653658017,-21.666757653658017,-21.666757653658017,0.15693846059761293,0.15693846059761293,0.15693846059761293,-21.823696114255632,-21.823696114255632,-21.823696114255632,0.0,0.0,0.0,-24.99787294568183
2023-11-15,-3.3353067799570364,-27.631918665774528,-26.852953377346,-3.3353067898224102,-3.3353067724906174,-23.91515454011745,-23.91515454011745,-23.91515454011745,-0.1061571352126208,-0.1061571352126208,-0.1061571352126208,-23.808997404904826,-23.808997404904826,-23.808997404904826,0.0,0.0,0.0,-27.250461320074486
2023-11-16,-3.33949826789026,-29.559460568331552,-28.857142033304033,-3.3394982783505758,-3.3394982597982694,-25.859488553827184,-25.859488553827184,-25.859488553827184,-0.11556620000040421,-0.11556620000040421,-0.11556620000040421,-25.74392235382678,-25.74392235382678,-25.74392235382678,0.0,0.0,0.0,-29.198986821717444
2023-11-17,-3.343689755823484,-31.40555112719536,-30.660619536546175,-3.343689767142526,-3.3436897472087095,-27.677671852446,-27.677671852446,-27.677671852446,-0.07072062386688402,-0.07072062386688402,-0.07072062386688402,-27.606951228579113,-27.606951228579113,-27.606951228579113,0.0,0.0,0.0,-31.021361608269483
2023-11-18,-3.3478812437567074,-32.96367461215965,-32.22181126125011,-3.3478812559028146,-3.3478812345379008,-29.222557673730968,-29.222557673730968,-29.222557673730968,0.15433388785025048,0.15433388785025048,0.15433388785025048,-29.376891561581214,-29.376891561581214,-29.376891561581214,0.0,0.0,0.0,-32.57043891748768
2023-11-19,-3.352072731689931,-34.625281648265116,-33.86443164758225,-3.3520727443289133,-3.352072721817829,-30.902763778449163,-30.902763778449163,-30.902763778449163,0.13046232006942426,0.13046232006942426,0.13046232006942426,-31.033226098518586,-31.033226098518586,-31.033226098518586,0.0,0.0,0.0,-34.25483651013909
2023-11-20,-3.3562642196231547,-36.454016367023485,-35.704021668184524,-3.3562642330497003,-3.3562642090446064,-32.70574493471999,-32.70574493471999,-32.70574493471999,-0.14929070943749537,-0.14929070943749537,-0.14929070943749537,-32.556454225282494,-32.556454225282494,-32.556454225282494,0.0,0.0,0.0,-36.062009154343144
2023-11-21,-3.360455707556379,-37.455784243650854,-36.776190677903415,-3.3604557217283846,-3.3604556964005816,-33.77148157594115,-33.77148157594115,-33.77148157594115,0.15693846059768213,0.15693846059768213,0.15693846059768213,-33.92842003653884,-33.92842003653884,-33.92842003653884,0.0,0.0,0.0,-37.13193728349753
2023-11-22,-3.364647195489602,-38.9642366792382,-38.220644335148954,-3.3646472104806224,-3.364647183567555,-35.238777564615674,-35.238777564615674,-35.238777564615674,-0.10615713521269077,-0.10615713521269077,-0.10615713521269077,-35.132620429402984,-35.132620429402984,-35.132620429402984,0.0,0.0,0.0,-38.60342476010528
2023-11-23,-3.3688386834228257,-39.98153546327593,-39.262304318204514,-3.368838699240789,-3.368838670894169,-36.270053174383044,-36.270053174383044,-36.270053174383044,-0.11556619999997977,-0.11556619999997977,-0.11556619999997977,-36.15448697438306,-36.15448697438306,-36.15448697438306,0.0,0.0,0.0,-39.638891857805866
2023-11-24,-3.3730301713560493,-40.80294589029088,-40.0588507627112,-3.373030187981626,-3.3730301580986906,-37.05235644941804,-37.05235644941804,-37.05235644941804,-0.07072062386573963,-0.07072062386573963,-0.07072062386573963,-36.9816358255523,-36.9816358255523,-36.9816358255523,0.0,0.0,0.0,-40.42538662077409
2023-11-25,-3.3772216592892734,-41.1946782926841,-40.454395404649844,-3.377221676967563,-3.377221645110352,-37.44974668350223,-37.44974668350223,-37.44974668350223,0.15433388785012228,0.15433388785012228,0.15433388785012228,-37.604080571352355,-37.604080571352355,-37.604080571352355,0.0,0.0,0.0,-40.8269683427915
2023-11-26,-3.3814131472224966,-41.638210558965014,-40.89858160233321,-3.3814131657353053,-3.381413132117844,-37.88394136190949,-37.88394136190949,-37.88394136190949,0.13046232007003739,0.13046232007003739,0.13046232007003739,-38.01440368197953,-38.01440368197953,-38.01440368197953,0.0,0.0,0.0,-41.26535450913199
2023-11-27,-3.3856046351557203,-42.10093360289627,-41.349683511332316,-3.385604654574569,-3.3856046192828666,-38.35717377158744,-38.35717377158744,-38.35717377158744,-0.14929070943755854,-0.14929070943755854,-0.14929070943755854,-38.20788306214988,-38.20788306214988,-38.20788306214988,0.0,0.0,0.0,-41.74277840674316
2023-11-28,-3.389796123088944,-41.77414412510762,-41.01178424862345,-3.3897961433749617,-3.389796106486958,-38.02563268876487,-38.02563268876487,-38.02563268876487,0.15693846059773398,0.15693846059773398,0.15693846059773398,-38.1825711493626,-38.1825711493626,-38.1825711493626,0.0,0.0,0.0,-41.415428811853815
2023-11-29,-3.393987611022168,-41.81117582175179,-41.073810643501716,-3.393987632309713,-3.3939875933543395,-38.045482121595256,-38.045482121595256,-38.045482121595256,-0.10615713521276075,-0.10615713521276075,-0.10615713521276075,-37.9393249863825,-37.9393249863825,-37.9393249863825,0.0,0.0,0.0,-41.439469732617425
2023-11-30,-3.3981790989553913,-41.370597931022026,-40.62668659778278,-3.3981791210092664,-3.398179080237948,-37.59735291958725,-37.59735291958725,-37.59735291958725,-0.11556619999955535,-0.11556619999955535,-0.11556619999955535,-37.48178671958769,-37.48178671958769,-37.48178671958769,0.0,0.0,0.0,-40.99553201854264
2023-12-01,-3.4023705868886154,-40.67923310747182,-39.918686635230515,-3.402370609774499,-3.4023705673204625,-36.887035632564434,-36.887035632564434,-36.887035632564434,-0.07072062386727106,-0.07072062386727106,-0.07072062386727106,-36.81631500869716,-36.81631500869716,-36.81631500869716,0.0,0.0,0.0,-40.28940621945305
2023-12-02,-3.4065620748218386,-39.562224966208845,-38.83792510917578,-3.4065620989618877,-3.406562054213447,-35.79753496635562,-35.79753496635562,-35.79753496635562,0.154333887848966,0.154333887848966,0.154333887848966,-35.951868854204584,-35.951868854204584,-35.951868854204584,0.0,0.0,0.0,-39.20409704117746
2023-12-03,-3.4107535627550627,-38.51935145222743,-37.81437165265694,-3.4107535880226596,-3.410753541204229,-34.76938401325642,-34.76938401325642,-34.76938401325642,0.13046232006940084,0.13046232006940084,0.13046232006940084,-34.89984633332582,-34.89984633332582,-34.89984633332582,0.0,0.0,0.0,-38.18013757601148
2023-12-04,-3.414945050688286,-37.60271029091754,-36.85359305069856,-3.4149450766771507,-3.414945028501208,-33.82317237026743,-33.82317237026743,-33.82317237026743,-0.14929070943726538,-0.14929070943726538,-0.14929070943726538,-33.67388166083016,-33.67388166083016,-33.67388166083016,0.0,0.0,0.0,-37.23811742095572
2023-12-05,-3.41913653862151,-35.93316333354232,-35.16424593464011,-3.4191365654456787,-3.419136515688118,-32.132666376130516,-32.132666376130516,-32.132666376130516,0.1569384605978205,0.1569384605978205,0.1569384605978205,-32.28960483672833,-32.28960483672833,-32.28960483672833,0.0,0.0,0.0,-35.551802914752024
2023-12-06,-3.4233280265547332,-34.67447260516187,-33.92606232874739,-3.4233280547079334,-3.4233280025774064,-30.870526024700606,-30.870526024700606,-30.870526024700606,-0.10615713521203773,-0.10615713521203773,-0.10615713521203773,-30.76436888948857,-30.76436888948857,-30.76436888948857,0.0,0.0,0.0,-34.29385405125534
2023-12-07,-3.4275195144879573,-33.05122178316747,-32.31401051341438,-3.4275195435406114,-3.4275194896686254,-29.232516554605585,-29.232516554605585,-29.232516554605585,-0.11556620000033727,-0.11556620000033727,-0.11556620000033727,-29.116950354605247,-29.116950354605247,-29.116950354605247,0.0,0.0,0.0,-32.66003606909354
2023-12-08,-3.4317110024211805,-31.238462489229658,-30.5098950976408,-3.4317110325723212,-3.431710976838023,-27.43794975418276,-27.43794975418276,-27.43794975418276,-0.0707206238668884,-0.0707206238668884,-0.0707206238668884,-27.36722913031587,-27.36722913031587,-27.36722913031587,0.0,0.0,0.0,-30.869660756603942
2023-12-09,-3.4359024903544046,-29.17892335916693,-28.47235770040701,-3.435902521709147,-3.4359024636164546,-25.38152032641647,-25.38152032641647,-25.38152032641647,0.15433388784960728,0.15433388784960728,0.15433388784960728,-25.535854214266077,-25.535854214266077,-25.535854214266077,0.0,0.0,0.0,-28.817422816770875
2023-12-10,-3.440093978287628,-27.33033051714312,-26.593191001804943,-3.4400940104774564,-3.440093950518735,-23.513439720072704,-23.513439720072704,-23.513439720072704,0.13046232006938918,0.13046232006938918,0.13046232006938918,-23.64390204014209,-23.64390204014209,-23.64390204014209,0.0,0.0,0.0,-26.95353369836033
2023-12-11,-3.444285466220852,-25.65785222741546,-24.948237888538767,-3.4442854992822425,-3.4442854374148526,-21.86182490740607,-21.86182490740607,-21.86182490740607,-0.14929070943697215,-0.14929070943697215,-0.14929070943697215,-21.7125341979691,-21.7125341979691,-21.7125341979691,0.0,0.0,0.0,-25.30611037362692
2023-12-12,-3.448476954154075,-23.41479730699746,-22.70922022656121,-3.4484769880703428,-3.4484769243925006,-19.605722775116856,-19.605722775116856,-19.605722775116856,0.156938460597513,0.156938460597513,0.156938460597513,-19.76266123571437,-19.76266123571437,-19.76266123571437,0.0,0.0,0.0,-23.05419972927093
2023-12-13,-3.4526684420872993,-21.725454408221132,-21.005545629018936,-3.4526684769894915,-3.4526684108912917,-17.920776142444872,-17.920776142444872,-17.920776142444872,-0.10615713521210768,-0.10615713521210768,-0.10615713521210768,-17.814619007232764,-17.814619007232764,-17.814619007232764,0.0,0.0,0.0,-21.373444584532173
2023-12-14,-3.456859930020523,-19.80996463456172,-19.079111994078453,-3.456859965936638,-3.4568598974796103,-16.003429858863626,-16.003429858863626,-16.003429858863626,-0.11556619999991283,-0.11556619999991283,-0.11556619999991283,-15.887863658863715,-15.887863658863715,-15.887863658863715,0.0,0.0,0.0,-19.46028978888415
2023-12-15,-3.4610514179537466,-17.90236340273349,-17.175645665048798,-3.4610514548837847,-3.4610513842641257,-14.071411469085755,-14.071411469085755,-14.071411469085755,-0.07072062386726756,-0.07072062386726756,-0.07072062386726756,-14.000690845218486,-14.000690845218486,-14.000690845218486,0.0,0.0,0.0,-17.5324628870395
2023-12-16,-3.46524290588697,-15.850394521963212,-15.08783746955868,-3.4652429438115053,-3.465242871115608,-12.015650258564886,-12.015650258564886,-12.015650258564886,0.15433388784947905,0.15433388784947905,0.15433388784947905,-12.169984146414365,-12.169984146414365,-12.169984146414365,0.0,0.0,0.0,-15.480893164451857
2023-12-17,-3.469434393820194,-14.123566448621496,-13.388149118892962,-3.469434432987734,-3.469434357949922,-10.280534620998637,-10.280534620998637,-10.280534620998637,0.13046232007022526,0.13046232007022526,0.13046232007022526,-10.410996941068861,-10.410996941068861,-10.410996941068861,0.0,0.0,0.0,-13.74996901481883
2023-12-18,-3.4736258817534176,-12.755209907066236,-11.982334664543687,-3.4736259221912293,-3.4736258449552087,-8.88646189868103,-8.88646189868103,-8.88646189868103,-0.14929070943739173,-0.14929070943739173,-0.14929070943739173,-8.737171189243638,-8.737171189243638,-8.737171189243638,0.0,0.0,0.0,-12.360087780434448
2023-12-19,-3.4778173696866412,-10.840460146684626,-10.108338924546546,-3.4778174110748528,-3.4778173316423384,-7.003057256747006,-7.003057256747006,-7.003057256747006,0.15693846059759956,0.15693846059759956,0.15693846059759956,-7.159995717344605,-7.159995717344605,-7.159995717344605,0.0,0.0,0.0,-10.480874626433646
2023-12-20,-3.4820088576198645,-9.636514745781607,-8.921319994970876,-3.4820088999775742,-3.4820088187956983,-5.795062829207524,-5.795062829207524,-5.795062829207524,-0.10615713521250279,-0.10615713521250279,-0.10615713521250279,-5.688905693995021,-5.688905693995021,-5.688905693995021,0.0,0.0,0.0,-9.277071686827387
2023-12-21,-3.4862003455530886,-8.261386693587449,-7.557816763707955,-3.486200388915162,-3.4862003055910713,-4.446790263763136,-4.446790263763136,-4.446790263763136,-0.11556620000009157,-0.11556620000009157,-0.11556620000009157,-4.331224063763045,-4.331224063763045,-4.331224063763045,0.0,0.0,0.0,-7.932990609316224
2023-12-22,-3.490391833486312,-7.043204981007137,-6.285277198651656,-3.490391878281461,-3.490391792882387,-3.162865409839264,-3.162865409839264,-3.162865409839264,-0.07072062386764669,-0.07072062386764669,-0.07072062386764669,-3.092144785971617,-3.092144785971617,-3.092144785971617,0.0,0.0,0.0,-6.6532572433255766
2023-12-23,-3.494583321419536,-5.696264801253935,-4.952100627979345,-3.4945833670402813,-3.4945832796266707,-1.8204229428726357,-1.8204229428726357,-1.8204229428726357,0.15433388785012034,0.15433388785012034,0.15433388785012034,-1.9747568307227557,-1.9747568307227557,-1.9747568307227557,0.0,0.0,0.0,-5.315006264292172
2023-12-24,-3.498774809352759,-4.7215353711304076,-3.9709577341024103,-3.4987748565259325,-3.4987747666139097,-0.8496447136469067,-0.8496447136469067,-0.8496447136469067,0.13046232007021355,0.13046232007021355,0.13046232007021355,-0.98010703371712,-0.98010703371712,-0.98010703371712,0.0,0.0,0.0,-4.348419522999666
2023-12-25,-3.502966297285983,-4.150226780699547,-3.414243392823619,-3.50296634586964,-3.5029662531526857,-0.2565898342478907,-0.2565898342478907,-0.2565898342478907,-0.14929070943709852,-0.14929070943709852,-0.14929070943709852,-0.10729912481079196,-0.10729912481079196,-0.10729912481079196,0.0,0.0,0.0,-3.759556131533874
2023-12-26,-3.5071577852192064,-3.0583890868896826,-2.3216717588191575,-3.507157835232118,-3.50715774021384,0.8033129209633141,0.8033129209633141,0.8033129209633141,0.1569384605976514,0.1569384605976514,0.1569384605976514,0.6463744603656625,0.6463744603656625,0.6463744603656625,0.0,0.0,0.0,-2.7038448642558923
2023-12-27,-3.5113492731524305,-2.6506864290028562,-1.9743642474906746,-3.5113493248375898,-3.5113492270187043,1.179114850895287,1.179114850895287,1.179114850895287,-0.10615713521257278,-0.10615713521257278,-0.10615713521257278,1.2852719861078599,1.2852719861078599,1.2852719861078599,0.0,0.0,0.0,-2.3322344222571436
2023-12-28,-3.5155407610856537,-2.16063221097898,-1.4527121384434338,-3.5155408142181788,-3.5155407142914346,1.6996513414038594,1.6996513414038594,1.6996513414038594,-0.11556620000004211,-0.11556620000004211,-0.11556620000004211,1.815217541403902,1.815217541403902,1.815217541403902,0.0,0.0,0.0,-1.8158894196817943
2023-12-29,-3.519732249018878,-1.709530906458975,-0.9765071714580014,-3.519732303877399,-3.5197322006071263,2.1725761457268327,2.1725761457268327,2.1725761457268327,-0.0707206238665023,-0.0707206238665023,-0.0707206238665023,2.243296769593335,2.243296769593335,2.243296769593335,0.0,0.0,0.0,-1.3471561032920452
2023-12-30,-3.523923736952101,-1.1568108924572114,-0.41475530885347206,-3.5239237930653537,-3.523923687248571,2.7319722365155226,2.7319722365155226,2.7319722365155226,0.1543338878492226,0.1543338878492226,0.1543338878492226,2.5776383486662997,2.5776383486662997,2.5776383486662997,0.0,0.0,0.0,-0.7919515004365785
2023-12-31,-3.528115224885325,-0.9345972267328274,-0.2054273287628067,-3.528115281985901,-3.5281151740008165,2.957648821171354,2.957648821171354,2.957648821171354,0.130462320069577,0.130462320069577,0.130462320069577,2.8271865011017763,2.8271865011017763,2.8271865011017763,0.0,0.0,0.0,-0.5704664037139713
2024-01-01,-3.5323067128185484,-1.06473662162595,-0.3257319217823243,-3.5323067712703464,-3.5323066605435547,2.8521791088808963,2.8521791088808963,2.8521791088808963,-0.14929070943716172,-0.14929070943716172,-0.14929070943716172,3.0014698183180575,3.0014698183180575,3.0014698183180575,0.0,0.0,0.0,-0.680127603937652
2024-01-02,-3.5364982007517725,-0.6500520220650755,0.12141189437939608,-3.5364982610606743,-3.536498147140305,3.267310027964433,3.267310027964433,3.267310027964433,0.15693846059736125,0.15693846059736125,0.15693846059736125,3.1103715673670718,3.1103715673670718,3.1103715673670718,0.0,0.0,0.0,-0.2691881727873393
2024-01-03,-3.5406896886849957,-0.8483703449733888,-0.12992068800492426,-3.5406897509639688,-3.540689633871857,3.0577492773486132,3.0577492773486132,3.0577492773486132,-0.10615713521296787,-0.10615713521296787,-0.10615713521296787,3.163906412561581,3.163906412561581,3.163906412561581,0.0,0.0,0.0,-0.48294041133638244
2024-01-04,-3.5448811766182198,-0.8830250406167321,-0.12368228267253743,-3.5448812405895977,-3.544881120298246,3.056441941332021,3.056441941332021,3.056441941332021,-0.11556620000022086,-0.11556620000022086,-0.11556620000022086,3.1720081413322423,3.1720081413322423,3.1720081413322423,0.0,0.0,0.0,-0.4884392352861986
2024-01-05,-3.5490726645514434,-0.8626808808417968,-0.09930909265550202,-3.5490727299455522,-3.549072606713242,3.0736119193849145,3.0736119193849145,3.0736119193849145,-0.07072062386651018,-0.07072062386651018,-0.07072062386651018,3.1443325432514246,3.1443325432514246,3.1443325432514246,0.0,0.0,0.0,-0.4754607451665289
2024-01-06,-3.553264152484667,-0.6702670113423651,0.037053375801013935,-3.553264218638596,-3.553264092767423,3.24441295519523,3.24441295519523,3.24441295519523,0.15433388784986388,0.15433388784986388,0.15433388784986388,3.090079067345366,3.090079067345366,3.090079067345366,0.0,0.0,0.0,-0.308851197289437
2024-01-07,-3.5574556404178903,-0.7719762028198812,-0.04458833278203201,-3.5574557082230434,-3.5574555793653424,3.148296611057792,3.148296611057792,3.148296611057792,0.13046232006956535,0.13046232006956535,0.13046232006956535,3.017834290988227,3.017834290988227,3.017834290988227,0.0,0.0,0.0,-0.4091590293600982
2024-01-08,-3.5616471283511144,-1.1231621871051962,-0.3940115748936166,-3.5616471973905455,-3.5616470668685545,2.78614888105143,2.78614888105143,2.78614888105143,-0.1492907094373237,-0.1492907094373237,-0.1492907094373237,2.9354395904887536,2.9354395904887536,2.9354395904887536,0.0,0.0,0.0,-0.7754982472996845
2024-01-09,-3.565838616284338,-0.9281344796969135,-0.18538189309605754,-3.565838686362491,-3.565838553523161,3.006823187014365,3.006823187014365,3.006823187014365,0.15693846059743047,0.15693846059743047,0.15693846059743047,2.849884726416935,2.849884726416935,2.849884726416935,0.0,0.0,0.0,-0.5590154292699729
2024-01-10,-3.5700301042175617,-1.2613897507864353,-0.5530631463743801,-3.5700301762613766,-3.570030040543847,2.6610712284441407,2.6610712284441407,2.6610712284441407,-0.10615713521271272,-0.10615713521271272,-0.10615713521271272,2.7672283636568533,2.7672283636568533,2.7672283636568533,0.0,0.0,0.0,-0.908958875773421
2024-01-11,-3.574221592150785,-1.3762571068334388,-0.6340482194382538,-3.574221664977539,-3.574221526987675,2.5769796550871202,2.5769796550871202,2.5769796550871202,-0.11556619999979642,-0.11556619999979642,-0.11556619999979642,2.6925458550869164,2.6925458550869164,2.6925458550869164,0.0,0.0,0.0,-0.9972419370636647
2024-01-12,-3.578413080084009,-1.362940045000517,-0.6659881993436068,-3.578413153290798,-3.5784130138969577,2.5591833217698645,2.5591833217698645,2.5591833217698645,-0.07072062386688932,-0.07072062386688932,-0.07072062386688932,2.6299039456367534,2.6299039456367534,2.6299039456367534,0.0,0.0,0.0,-1.0192297583141445
2024-01-13,-3.5826045680172327,-1.2329958515938853,-0.4941507446846022,-3.5826046419825754,-3.582604500695586,2.7366953047318434,2.7366953047318434,2.7366953047318434,0.15433388784947713,0.15433388784947713,0.15433388784947713,2.5823614168823656,2.5823614168823656,2.5823614168823656,0.0,0.0,0.0,-0.8459092632853893
2024-01-14,-3.5867960559504564,-1.2623953905204395,-0.5590351711962512,-3.586796131689532,-3.586795987358115,2.682456425931465,2.682456425931465,2.682456425931465,0.13046232006892883,0.13046232006892883,0.13046232006892883,2.551994105862536,2.551994105862536,2.551994105862536,0.0,0.0,0.0,-0.9043396300189914
2024-01-15,-3.5909875438836796,-1.5925950400995434,-0.8387019061514897,-3.590987621761906,-3.590987474043663,2.390651499448931,2.390651499448931,2.390651499448931,-0.1492907094373869,-0.1492907094373869,-0.1492907094373869,2.539942208886318,2.539942208886318,2.539942208886318,0.0,0.0,0.0,-1.2003360444347484
2024-01-16,-3.5951790318169037,-1.2360085430948595,-0.5177708453660451,-3.5951791119168357,-3.5951789607615416,2.703415793151371,2.703415793151371,2.703415793151371,0.15693846059749966,0.15693846059749966,0.15693846059749966,2.546477332553872,2.546477332553872,2.546477332553872,0.0,0.0,0.0,-0.8917632386655328
2024-01-17,-3.5993705197501273,-1.5161219789018843,-0.7882623135429283,-3.5993706019078915,-3.59937044707859,2.4649292539583127,2.4649292539583127,2.4649292539583127,-0.10615713521310785,-0.10615713521310785,-0.10615713521310785,2.57108638917142,2.57108638917142,2.57108638917142,0.0,0.0,0.0,-1.1344412657918146
2024-01-18,-3.603562007683351,-1.494668147942148,-0.7152780965830219,-3.6035620914446276,-3.60356193361788,2.497002958282292,2.497002958282292,2.497002958282292,-0.11556619999997517,-0.11556619999997517,-0.11556619999997517,2.612569158282267,2.612569158282267,2.612569158282267,0.0,0.0,0.0,-1.106559049401059
2024-01-19,-3.607753495616574,-1.3888434772461449,-0.6434821459047175,-3.607753580622029,-3.6077534204100377,2.5984255303417774,2.5984255303417774,2.5984255303417774,-0.07072062386726846,-0.07072062386726846,-0.07072062386726846,2.669146154209045,2.669146154209045,2.669146154209045,0.0,0.0,0.0,-1.0093279652747968
2024-01-20,-3.6119449835497983,-1.0753645022393492,-0.36015476563370546,-3.6119450701615214,-3.6119449072275107,2.8929072402573075,2.8929072402573075,2.8929072402573075,0.1543338878493489,0.1543338878493489,0.1543338878493489,2.7385733524079594,2.7385733524079594,2.7385733524079594,0.0,0.0,0.0,-0.7190377432924908
2024-01-21,-3.616136471483022,-1.0258542673221498,-0.30822268256128527,-3.616136559391928,-3.616136394042558,2.948722653845154,2.948722653845154,2.948722653845154,0.13046232006954195,0.13046232006954195,0.13046232006954195,2.818260333775612,2.818260333775612,2.818260333775612,0.0,0.0,0.0,-0.6674138176378679
2024-01-22,-3.6203279594162456,-1.240397469566968,-0.5074086495722079,-3.6203280486468485,-3.6203278806229724,2.7560977927279406,2.7560977927279406,2.7560977927279406,-0.14929070943745007,-0.14929070943745007,-0.14929070943745007,2.9053885021653905,2.9053885021653905,2.9053885021653905,0.0,0.0,0.0,-0.864230166688305
2024-01-23,-3.624519447349469,-0.8299552935087027,-0.11458155671497092,-3.624519538107546,-3.6245193675464926,3.1539646706518294,3.1539646706518294,3.1539646706518294,0.1569384605975515,0.1569384605975515,0.1569384605975515,2.997026210054276,2.997026210054276,2.997026210054276,0.0,0.0,0.0,-0.47055477669763945
2024-01-24,-3.628710935282693,-1.013081755529975,-0.26355425118355774,-3.628711028678951,-3.6287108542508295,2.9840807474920688,2.9840807474920688,2.9840807474920688,-0.1061571352123848,-0.1061571352123848,-0.1061571352123848,3.0902378827044537,3.0902378827044537,3.0902378827044537,0.0,0.0,0.0,-0.6446301877906242
2024-01-25,-3.6329024232159166,-0.9324294851197883,-0.20889023007232305,-3.632902517783586,-3.6329023410949564,3.0666183522336468,3.0666183522336468,3.0666183522336468,-0.11556619999955073,-0.11556619999955073,-0.11556619999955073,3.182184552233199,3.182184552233199,3.182184552233199,0.0,0.0,0.0,-0.5662840709822698
2024-01-26,-3.6370939111491403,-0.8063607110916249,-0.06273428079321246,-3.6370940069590123,-3.63709382783442,3.1994929648467725,3.1994929648467725,3.1994929648467725,-0.07072062386688582,-0.07072062386688582,-0.07072062386688582,3.270213588713659,3.270213588713659,3.270213588713659,0.0,0.0,0.0,-0.4376009463023678
2024-01-27,-3.6412853990823644,-0.4994401548488589,0.24552756026374606,-3.6412854963017423,-3.6412853145595516,3.5062697210046636,3.5062697210046636,3.5062697210046636,0.15433388784922067,0.15433388784922067,0.15433388784922067,3.3519358331554443,3.3519358331554443,3.3519358331554443,0.0,0.0,0.0,-0.13501567807770076
2024-01-28,-3.6454768870155876,-0.4421845698582641,0.2714382767879351,-3.6454769868230614,-3.645476801006165,3.5557511041335275,3.5557511041335275,3.5557511041335275,0.1304623200689054,0.1304623200689054,0.1304623200689054,3.4252887840646196,3.4252887840646196,3.4252887840646196,0.0,0.0,0.0,-0.08972578288206012
2024-01-29,-3.6496683749488112,-0.6799605957105896,0.04852769629353861,-3.6496684767067333,-3.649668287937904,3.339294242324506,3.339294242324506,3.339294242324506,-0.14929070943761205,-0.14929070943761205,-0.14929070943761205,3.4885849517621175,3.4885849517621175,3.4885849517621175,0.0,0.0,0.0,-0.31037413262430524
2024-01-30,-3.653859862882035,-0.2926878394317182,0.43353958566460005,-3.653859965340252,-3.6538597750695256,3.697483419961319,3.697483419961319,3.697483419961319,0.15693846059760336,0.15693846059760336,0.15693846059760336,3.540544959363716,3.540544959363716,3.540544959363716,0.0,0.0,0.0,0.043623557079284225
